"Tweet id","Tweet permalink","Tweet text","time","impressions","engagements","engagement rate","retweets","replies","likes","user profile clicks","url clicks","hashtag clicks","detail expands","permalink clicks","app opens","app installs","follows","email tweet","dial phone","media views","media engagements","promoted impressions","promoted engagements","promoted engagement rate","promoted retweets","promoted replies","promoted likes","promoted user profile clicks","promoted url clicks","promoted hashtag clicks","promoted detail expands","promoted permalink clicks","promoted app opens","promoted app installs","promoted follows","promoted email tweet","promoted dial phone","promoted media views","promoted media engagements"
"1260576246997626880","https://twitter.com/CovidFoodFuture/status/1260576246997626880","#Covid19 au #Benin¬†- le Gouvernement @gouvbenin met en garde contre la surench√®re des prix de produits de premi√®re n√©cessit√©‚Ä¶‚Äù
@CommodAfrica @IFAD
Lire cet article de @josherbert25  https://t.co/fh7UmoLOBv
#covid19foodfuture","2020-05-13 14:22 +0000","331.0","10.0","0.030211480362537766","4.0","0.0","3.0","0.0","1.0","0.0","2.0","0.0","0","0","0","0","0","0","0","-","-","-","-","-","-","-","-","-","-","-","-","-","-","-","-","-","-"
"1260574800315064320","https://twitter.com/CovidFoodFuture/status/1260574800315064320","Les produits √† forte intensit√© de main-d‚Äô≈ìuvre comme les fruits, les l√©gumes doivent √™tre mis en avant #secteur prioritaire au #Benin. Cela permettrait √† la cha√Æne de valeur de fonctionner et que ces types de vivres puissent √©galement circuler. @josherbert25
#covid19foodfuture https://t.co/7M9n9sXGBb","2020-05-13 14:17 +0000","679.0","33.0","0.048600883652430045","5.0","0.0","8.0","3.0","0.0","0.0","3.0","0.0","0","0","0","0","0","14","14","-","-","-","-","-","-","-","-","-","-","-","-","-","-","-","-","-","-"
"1260527060558270464","https://twitter.com/CovidFoodFuture/status/1260527060558270464","#Kenyaüá∞üá™ Leaders from western Kenya have resolved to revive the building of dams to curb the perennial floods menace that continues to ravage several parts of the region.

üîóhttps://t.co/tmmvjO5yeD

#Covid19FoodFuture @AmandaNamayi 

üì∏ Thomson Reuters @ReutersAfrica https://t.co/UHlfgzIWC3","2020-05-13 11:07 +0000","893.0","33.0","0.036954087346024636","6.0","0.0","10.0","1.0","0.0","0.0","2.0","0.0","0","0","0","0","0","14","14","-","-","-","-","-","-","-","-","-","-","-","-","-","-","-","-","-","-"
"1260526157516148736","https://twitter.com/CovidFoodFuture/status/1260526157516148736","#Partenariat entre @commission_coi @HamadaBolero et UE pour une relance post-#Covid19 en #Indianoc√©anie : Soutenir les #PME ; Priorit√© aux femmes et jeunes ; Solutions vertes.

üëâhttps://t.co/thvzdvb76G

#Covid19FoodFuture #COI  @MalalaOnisoa üá≤üá¨
üì∑https://t.co/TTLGjXjii1 https://t.co/RJ9vVI3zdR","2020-05-13 11:03 +0000","359.0","19.0","0.052924791086350974","3.0","0.0","6.0","1.0","2.0","0.0","7.0","0.0","0","0","0","0","0","0","0","-","-","-","-","-","-","-","-","-","-","-","-","-","-","-","-","-","-"
"1260525633865736192","https://twitter.com/CovidFoodFuture/status/1260525633865736192","#Kenya üá∞üá™The #Covid19 pandemic is still claiming lives as 23 Kenyans in diaspora succumb to the deadly virus https://t.co/xupwztV5Ce #Covid19FoodFuture @AmandaNamayi 

üì∏ @Tuko_co_ke https://t.co/1ed54rXYdc","2020-05-13 11:01 +0000","340.0","7.0","0.020588235294117647","2.0","0.0","4.0","0.0","0.0","0.0","1.0","0.0","0","0","0","0","0","0","0","-","-","-","-","-","-","-","-","-","-","-","-","-","-","-","-","-","-"
"1260519250113986561","https://twitter.com/CovidFoodFuture/status/1260519250113986561","#Madagascar ‚Äì March√© des #√©leveurs: Initiative visant √† promouvoir les produits d‚Äô√©levage des producteurs, √† r√©concilier les consommateurs avec les produits dont les #norme #phytosanitaires sont assur√©es.üêîüçÜüêüüçÖ

üëâhttps://t.co/OVL53vIyxS

#Covid19FoodFuture @MalalaOnisoa
üì∑MPE https://t.co/MhepxZr1cv","2020-05-13 10:36 +0000","504.0","15.0","0.02976190476190476","6.0","0.0","7.0","0.0","0.0","0.0","1.0","0.0","0","0","0","0","0","1","1","-","-","-","-","-","-","-","-","-","-","-","-","-","-","-","-","-","-"
"1260516248590450688","https://twitter.com/CovidFoodFuture/status/1260516248590450688","üí∞Investing in #food during #Covid19 

üéßListen to @IFAD  podcast #FarmsFoodFuture to hear about investing in foodüçéüåΩ during #Covid19, #nutrition &amp; development

üîóhttps://t.co/CNk5hhLjjA

#Covid19FoodFuture #FoodSecurity #ZeroHunger @AmandaNamayi 

üì∏ Courtesy https://t.co/HVZ5QcXtlq","2020-05-13 10:24 +0000","770.0","27.0","0.03506493506493506","8.0","0.0","12.0","2.0","1.0","0.0","3.0","0.0","0","0","0","0","0","1","1","-","-","-","-","-","-","-","-","-","-","-","-","-","-","-","-","-","-"
"1260507195814313984","https://twitter.com/CovidFoodFuture/status/1260507195814313984","#Covid19 ‚Äì @AfricaRice. The risks facing the #rice sector in #Africa:
1‚É£International market instability
2‚É£Increasing rice productivity shocks
3‚É£Social and political instability

üëâhttps://t.co/IPxzkF4nWW #Covid19FoodFuture #Rice @MalalaOnisoa
üì∑ Tanimbary | Pinterest https://t.co/iMtCQkqJM9","2020-05-13 09:48 +0000","653.0","24.0","0.036753445635528334","5.0","0.0","8.0","0.0","0.0","0.0","5.0","0.0","0","0","0","0","0","6","6","-","-","-","-","-","-","-","-","-","-","-","-","-","-","-","-","-","-"
"1260281418506285056","https://twitter.com/CovidFoodFuture/status/1260281418506285056","ü•¶Food retailers are a strong link between producers and consumers. How has #Covid19 affected them? 

ü•¶Here is how: https://t.co/8HTF4XNMSQ 

#Covid19FoodFuture @sharonjcheboi","2020-05-12 18:51 +0000","1094.0","28.0","0.025594149908592323","10.0","0.0","10.0","0.0","5.0","0.0","3.0","0.0","0","0","0","0","0","0","0","-","-","-","-","-","-","-","-","-","-","-","-","-","-","-","-","-","-"
"1260274442942504966","https://twitter.com/CovidFoodFuture/status/1260274442942504966","How COVID-19 Could Worsen Global Food Insecurity? Globally, #Covid-19 could double the number of people on the brink of starvation. ‚ùó135millions to 265 millions of people risk at starvation. Read more üëâ https://t.co/bVKPbYX3ha¬†

#Covid19FoodFuture @Maya_disraeli","2020-05-12 18:23 +0000","1033.0","39.0","0.0377541142303969","8.0","0.0","12.0","1.0","12.0","0.0","6.0","0.0","0","0","0","0","0","0","0","-","-","-","-","-","-","-","-","-","-","-","-","-","-","-","-","-","-"
"1260274304413061123","https://twitter.com/CovidFoodFuture/status/1260274304413061123","#Madagascar - Hausse du prix de certains PPN dans la r√©gion Androy et Atsimo andrefana.

Gobelet de riz: 500Ar (0,125‚Ç¨)‚û°Ô∏è800Ar (0,2‚Ç¨)
Kilo manioc: 500Ar‚û°Ô∏è800Ar
Gobelet de l√©gumineuses: 500Ar‚û°Ô∏è800-1000Ar.

üëâ ¬† https://t.co/rDRT9F1SWm #Covid19FoodFuture @Maya_disraeli","2020-05-12 18:23 +0000","447.0","12.0","0.026845637583892617","4.0","0.0","7.0","0.0","0.0","0.0","1.0","0.0","0","0","0","0","0","0","0","-","-","-","-","-","-","-","-","-","-","-","-","-","-","-","-","-","-"
"1260274123856588801","https://twitter.com/CovidFoodFuture/status/1260274123856588801","#Madagascar-R√©habilitation de la route nationale 44 profitant ainsi √† 1,5 millions d'habitants de la r√©gion Alaotra Mangoro et ses alentours. Enjeu √©conomique important pour le bassin rizicole d'Ambatondrazaka.https://t.co/sKDuIFfwc8 
#Covid19FoodFuture @Maya_disraeli
üì∑Midi Mada https://t.co/RTJsco6H5G","2020-05-12 18:22 +0000","521.0","14.0","0.026871401151631478","4.0","0.0","6.0","0.0","0.0","0.0","0.0","0.0","0","0","0","0","0","4","4","-","-","-","-","-","-","-","-","-","-","-","-","-","-","-","-","-","-"
"1260255229179764739","https://twitter.com/CovidFoodFuture/status/1260255229179764739","Le #COVID19 est une preuve que les pays en d√©veloppement doivent ≈ìuvrer √† l'atteinte de l'autosuffisance alimentaire. Au #Burkina, 2000 ha suppl√©mentaires vont √™tre am√©nag√©s pour la production du riz dans la Vall√©e du Sourou. @ed_sango #Covid19FoodFuture

https://t.co/z8g90tRCW4","2020-05-12 17:07 +0000","397.0","10.0","0.02518891687657431","2.0","0.0","4.0","1.0","1.0","2.0","0.0","0.0","0","0","0","0","0","0","0","-","-","-","-","-","-","-","-","-","-","-","-","-","-","-","-","-","-"
"1260247809246334982","https://twitter.com/CovidFoodFuture/status/1260247809246334982","NIGERIA ‚Äì In the face of labor shortage due to #COVID19, replacing or augmenting manual labor with the machine will boost Agricultural production especially where there is looming scarcity of food due to the pandemic. https://t.co/UoMJpX8BOs #Covid19FoodFuture @JohnAgboola_ https://t.co/arIGeTvPqp","2020-05-12 16:37 +0000","1005.0","64.0","0.06368159203980099","8.0","0.0","13.0","8.0","4.0","0.0","1.0","0.0","0","0","0","0","0","30","30","-","-","-","-","-","-","-","-","-","-","-","-","-","-","-","-","-","-"
"1260246241440645120","https://twitter.com/CovidFoodFuture/status/1260246241440645120","NIGERIA ‚Äì Information asymmetric among stakeholders including the food ecosystems is very key in addressing the #COVID19 pandemic. A typical example is https://t.co/SAy4jU5x9r - platform for all actor in COVID-19 interventions in Nigeria #Covid19FoodFuture @JohnAgboola_
üì∑-Ninayo https://t.co/tigIexr8NA","2020-05-12 16:31 +0000","672.0","16.0","0.023809523809523808","4.0","0.0","5.0","0.0","1.0","0.0","3.0","0.0","0","0","0","0","0","3","3","-","-","-","-","-","-","-","-","-","-","-","-","-","-","-","-","-","-"
"1260245447437889539","https://twitter.com/CovidFoodFuture/status/1260245447437889539","AFRICA ‚Äì Food workers are struggling to continue their activities while their livelihoods are threatened. Measures must be taken to protect the most vulnerable by ensuring food production and curb threats from hunger and malnutrition #Covid19FoodFuture #FoodSecurity @JohnAgboola_ https://t.co/yPg1GujHMy","2020-05-12 16:28 +0000","1020.0","35.0","0.03431372549019608","7.0","0.0","9.0","4.0","0.0","1.0","1.0","0.0","0","0","0","0","0","13","13","-","-","-","-","-","-","-","-","-","-","-","-","-","-","-","-","-","-"
"1260234769788555269","https://twitter.com/CovidFoodFuture/status/1260234769788555269","Une ressource int√©ressante de @Fes_Benin expliquant comment le #covid19 renforce l'ins√©curit√© alimentaire : cas du #BurkinaFaso
@josherbert25 
#covidfoodfuture https://t.co/cJiqQdh1YP","2020-05-12 15:45 +0000","253.0","2.0","0.007905138339920948","0.0","0.0","2.0","0.0","0.0","0.0","0.0","0.0","0","0","0","0","0","0","0","-","-","-","-","-","-","-","-","-","-","-","-","-","-","-","-","-","-"
"1260234146674348035","https://twitter.com/CovidFoodFuture/status/1260234146674348035","@Fes_Benin @gouvernementBF @TerreurBreaking @CovidFoodFuture partage des ressources sur l'effet de la crise sur la s√©curit√© alimentaire en #Afrique. cc @josherbert25","2020-05-12 15:43 +0000","90.0","0.0","0.0","0.0","0.0","0.0","0.0","0.0","0.0","0.0","0.0","0","0","0","0","0","0","0","-","-","-","-","-","-","-","-","-","-","-","-","-","-","-","-","-","-"
"1260229969848008705","https://twitter.com/CovidFoodFuture/status/1260229969848008705","Une r√©duction consid√©rable des transferts de fonds est not√©e, car la plupart des familles sont touch√©es par #Covid19 au #Benin. La s√©curit√© alimentaire est ainsi menac√©e.
#foodsecurity @josherbert25
#covid19foodfuture https://t.co/inqrCUJaZr","2020-05-12 15:26 +0000","476.0","11.0","0.023109243697478993","3.0","0.0","3.0","1.0","0.0","0.0","2.0","0.0","0","0","0","0","0","2","2","-","-","-","-","-","-","-","-","-","-","-","-","-","-","-","-","-","-"
"1260224474982604800","https://twitter.com/CovidFoodFuture/status/1260224474982604800","#RDC- @KakuleVanzwa: l‚Äôhomme qui parvient √† produire 500 Kg de ma√Øs sur son lopin de terre de  625 m2    sans m√©canisation assist√©e. https://t.co/x3JdqbL2Fp
  @EMvuenga #Covid19FoodFuture","2020-05-12 15:05 +0000","509.0","27.0","0.05304518664047151","4.0","1.0","5.0","3.0","1.0","0.0","13.0","0.0","0","0","0","0","0","0","0","-","-","-","-","-","-","-","-","-","-","-","-","-","-","-","-","-","-"
"1260224048509915138","https://twitter.com/CovidFoodFuture/status/1260224048509915138","#RDC - Nyarangongo- S√©curit√© Alimentaire: 7 enfants ont perdu la vie dans un trou sur le site de d√©construction des aliments avari√©s du @WFP √† Kipopo. https://t.co/jFqDvepEde @EMvuenga #Covid19FoodFuture","2020-05-12 15:03 +0000","370.0","12.0","0.032432432432432434","4.0","0.0","4.0","0.0","3.0","0.0","1.0","0.0","0","0","0","0","0","0","0","-","-","-","-","-","-","-","-","-","-","-","-","-","-","-","-","-","-"
"1260223671316209664","https://twitter.com/CovidFoodFuture/status/1260223671316209664","Afrique- Coronavirus: en Afrique, le confinement ‚Äúcasse la dynamique √©conomique des territoirs‚Äù. 
üëâhttps://t.co/fzFqnOiUmj  @EMvuenga #Covid19FoodFuture","2020-05-12 15:01 +0000","250.0","9.0","0.036","3.0","0.0","4.0","0.0","0.0","0.0","2.0","0.0","0","0","0","0","0","0","0","-","-","-","-","-","-","-","-","-","-","-","-","-","-","-","-","-","-"
"1260206048599834629","https://twitter.com/CovidFoodFuture/status/1260206048599834629","#Malawi- Chelsea FC fans have reached out to 52 households in Senti, Lilongwe to help them cope with Covid 19 restrictions that have negatively affected small scale business among low income communities in the country.
üëâhttps://t.co/6BBqQyoQ9e
#Covid19FoodFuture @kanyemba_nellie","2020-05-12 13:51 +0000","323.0","6.0","0.018575851393188854","2.0","0.0","2.0","1.0","0.0","0.0","1.0","0.0","0","0","0","0","0","0","0","-","-","-","-","-","-","-","-","-","-","-","-","-","-","-","-","-","-"
"1260204664735371264","https://twitter.com/CovidFoodFuture/status/1260204664735371264","Here is an interesting read on how Covid-19 is affecting small-scale food retailers in urban Kenya by Sharon J Cheboi üëâ https://t.co/EiZCRUvYw4
#Covid19FoodFuture @kanyemba_nellie","2020-05-12 13:46 +0000","614.0","18.0","0.029315960912052116","4.0","0.0","5.0","4.0","2.0","0.0","3.0","0.0","0","0","0","0","0","0","0","-","-","-","-","-","-","-","-","-","-","-","-","-","-","-","-","-","-"
"1260190242084196355","https://twitter.com/CovidFoodFuture/status/1260190242084196355","Yesterday was the 8th anniversary of @UN_CFS  Voluntary Guidelines on the Responsible Governance of Tenure of #Land, #Fisheries üêü &amp; #Forests üå≤in the Context of National #FoodSecurity (#VGGT). Watch this video for more - https://t.co/N3GMs8dQPr #Covid19FoodFuture @AmandaNamayi","2020-05-12 12:49 +0000","479.0","11.0","0.022964509394572025","4.0","0.0","5.0","0.0","1.0","1.0","0.0","0.0","0","0","0","0","0","0","0","-","-","-","-","-","-","-","-","-","-","-","-","-","-","-","-","-","-"
"1260188997940363265","https://twitter.com/CovidFoodFuture/status/1260188997940363265","üí¶ Lake Victoria water level rises to highest level recorded since 1964!
The rising waters would hit #climate-sensitive sectors, including #agriculture https://t.co/GXYcuwu8Pc #Covid19FoodFuture @AmandaNamayi 
üì∏ @StandardKenya https://t.co/3qA98cYyaA","2020-05-12 12:44 +0000","996.0","31.0","0.03112449799196787","6.0","0.0","9.0","2.0","3.0","0.0","2.0","0.0","0","0","0","0","0","9","9","-","-","-","-","-","-","-","-","-","-","-","-","-","-","-","-","-","-"
"1260188471660032000","https://twitter.com/CovidFoodFuture/status/1260188471660032000","With quarantine measures strictly enforced in major cities, the food supply chain has tightened with major effects on food producers and consumers. 

@JohnAgboola- shared some call for food transformation in Nigeria here - https://t.co/g8vYugVeRb @miss_abimbola #Covid19FoodFuture","2020-05-12 12:41 +0000","423.0","12.0","0.028368794326241134","5.0","0.0","5.0","0.0","2.0","0.0","0.0","0.0","0","0","0","0","0","0","0","-","-","-","-","-","-","-","-","-","-","-","-","-","-","-","-","-","-"
"1260188191157518336","https://twitter.com/CovidFoodFuture/status/1260188191157518336","I really enjoyed reading @olareeh article on ‚ÄúCelebrating an age-old tradition in uncertain times‚Äù amidst the #Covid19 pandemic. 

Read it here - https://t.co/xB2CUTmNZH @miss_abimbola #Covid19FoodFuture","2020-05-12 12:40 +0000","564.0","20.0","0.03546099290780142","4.0","0.0","9.0","0.0","3.0","0.0","4.0","0.0","0","0","0","0","0","0","0","-","-","-","-","-","-","-","-","-","-","-","-","-","-","-","-","-","-"
"1260188069938040833","https://twitter.com/CovidFoodFuture/status/1260188069938040833","The outbreak of Covid-19 has generated numerous articles emphasizing the need to prevent a food crisis amidst the health crisis.

Read @Sharonjcheboi opinion on importance of #FoodSufficiency in kenya here - https://t.co/wQ85hrZkrC @miss_abimbola #Covid19FoodFuture","2020-05-12 12:40 +0000","602.0","28.0","0.046511627906976744","6.0","0.0","13.0","1.0","7.0","0.0","1.0","0.0","0","0","0","0","0","0","0","-","-","-","-","-","-","-","-","-","-","-","-","-","-","-","-","-","-"
"1260187839993610240","https://twitter.com/CovidFoodFuture/status/1260187839993610240","The disruption to the supply side due to lockdown has also caused commodity prices to go up. 

Read @sharonjcheboi opinion on how covid19 is affecting small scale food retailers in Kenya here - https://t.co/rT2YaqV8fZ 

@miss_abimbola #Covid19FoodFuture","2020-05-12 12:39 +0000","623.0","22.0","0.03531300160513644","6.0","0.0","10.0","2.0","3.0","0.0","1.0","0.0","0","0","0","0","0","0","0","-","-","-","-","-","-","-","-","-","-","-","-","-","-","-","-","-","-"
"1260187286475616257","https://twitter.com/CovidFoodFuture/status/1260187286475616257","Due to #Covid19, smallscale #farmers are likely to suffer from hunger in spite of them growing their own #food
Read this article by @IFAD on how farmers can help build resilient food systems in a post‚ÄìCovid9 world https://t.co/NSI3ysQpxE #Covid19FoodFuture @AmandaNamayi 
üì∏ @IFAD https://t.co/W7Tf8w9lmv","2020-05-12 12:37 +0000","1159.0","45.0","0.03882657463330457","7.0","0.0","14.0","1.0","3.0","4.0","1.0","0.0","0","0","0","0","0","15","15","-","-","-","-","-","-","-","-","-","-","-","-","-","-","-","-","-","-"
"1260173912652079104","https://twitter.com/CovidFoodFuture/status/1260173912652079104","Afrique : Qu'est-ce-qu'un syst√®me alimentaire inclusif? Et comment peut-il att√©nuer l'impact des crises comme le #COVID19 sur la s√©curit√© alimentaire ?
R√©ponse dans cet article publi√© par @scidevafrique. @ed_sango
#Covid19FoodFuture
üëáüèæüëáüèæüëáüèæ
üîóhttps://t.co/1Nc7w5zniU","2020-05-12 11:44 +0000","335.0","8.0","0.023880597014925373","2.0","0.0","4.0","0.0","2.0","0.0","0.0","0.0","0","0","0","0","0","0","0","-","-","-","-","-","-","-","-","-","-","-","-","-","-","-","-","-","-"
"1260153427302273024","https://twitter.com/CovidFoodFuture/status/1260153427302273024","#KENYA- The govt recently allowed restaurants to reopen after a month of forced closure due to #COVID19. Part of this decision was informed by the fact that restaurants support multiple livelihoods and farming operations: https://t.co/eulA4hdEQO #Covid19FoodFuture @olareeh https://t.co/MImCjDFNWM","2020-05-12 10:22 +0000","464.0","13.0","0.028017241379310345","3.0","0.0","4.0","0.0","1.0","0.0","2.0","0.0","0","0","0","0","0","3","3","-","-","-","-","-","-","-","-","-","-","-","-","-","-","-","-","-","-"
"1260152340306329600","https://twitter.com/CovidFoodFuture/status/1260152340306329600","#KENYA-Exporters of horticultural commodities are breathing a sigh of relief as several international airlines resume cargo flights into European markets, which have started easing restrictions brought about by #COVID19: https://t.co/ifCd7tu467  #Covid19FoodFuture @olareeh https://t.co/NUnryMst2c","2020-05-12 10:18 +0000","1074.0","42.0","0.03910614525139665","8.0","1.0","16.0","1.0","1.0","0.0","3.0","0.0","0","0","0","0","0","12","12","-","-","-","-","-","-","-","-","-","-","-","-","-","-","-","-","-","-"
"1260151865393786880","https://twitter.com/CovidFoodFuture/status/1260151865393786880","#KENYA- A standoff between the Ministry of Agriculture &amp; Cereal Millers Association prevents importation of cheap maize. Millers warn of oncoming high costs of flour, despite many Kenyans having lost income due to #COVID19: https://t.co/dwry7BknfJ #Covid19FoodFuture @olareeh https://t.co/RbdRpW1zad","2020-05-12 10:16 +0000","438.0","11.0","0.02511415525114155","3.0","0.0","5.0","0.0","0.0","0.0","0.0","0.0","0","0","0","0","0","3","3","-","-","-","-","-","-","-","-","-","-","-","-","-","-","-","-","-","-"
"1260151065590353920","https://twitter.com/CovidFoodFuture/status/1260151065590353920","#KENYA- On 9th May, the National Govt distributed 10 tons of relief food to vulnerable communities in Mukuru Kwa Njenga slums. The assorted food items come to the aid of residents who have lost incomes due to #COVID19: https://t.co/J3TqFHWOkt #Covid19FoodFuture @olareeh https://t.co/jDwOlJqbxx","2020-05-12 10:13 +0000","453.0","13.0","0.02869757174392936","3.0","0.0","4.0","0.0","0.0","0.0","0.0","0.0","0","0","0","0","0","6","6","-","-","-","-","-","-","-","-","-","-","-","-","-","-","-","-","-","-"
"1260150301560053760","https://twitter.com/CovidFoodFuture/status/1260150301560053760","#KENYA-Dozens of athletes are running out of food &amp; other essentials due to disruption of global sports calendars by the #COVID19. Marathon legend @EliudKipchoge is spearheading a food drive targeting vulnerable ones:  https://t.co/NuMDfZpSmB #Covid19FoodFuture @olareeh https://t.co/UK3xuhuvca","2020-05-12 10:10 +0000","553.0","20.0","0.03616636528028933","3.0","0.0","6.0","1.0","0.0","0.0","5.0","0.0","0","0","0","0","0","5","5","-","-","-","-","-","-","-","-","-","-","-","-","-","-","-","-","-","-"
"1260119582133686273","https://twitter.com/CovidFoodFuture/status/1260119582133686273","The exercise targeted vulnerable households who have limited or no means of generating income to support their families during the pandemic.","2020-05-12 08:08 +0000","213.0","5.0","0.023474178403755867","2.0","0.0","3.0","0.0","0.0","0.0","0.0","0.0","0","0","0","0","0","0","0","-","-","-","-","-","-","-","-","-","-","-","-","-","-","-","-","-","-"
"1260119568296611846","https://twitter.com/CovidFoodFuture/status/1260119568296611846","#Malawi- a group of women entrepreneurs has reached out to 200¬±¬† households with food relief items to help cushion Covid-19 effects. 
 üëâhttps://t.co/ZIM2w9v1O9
#Covid19FoodFuture @kanyemba_nellie","2020-05-12 08:08 +0000","642.0","14.0","0.021806853582554516","4.0","1.0","6.0","0.0","0.0","0.0","3.0","0.0","0","0","0","0","0","0","0","-","-","-","-","-","-","-","-","-","-","-","-","-","-","-","-","-","-"
"1260113429085458432","https://twitter.com/CovidFoodFuture/status/1260113429085458432","#CoronaVirus pourrait modifier l‚Äôoffre et la demande de mati√®res premi√®res au #Benin et, en particulier, les cha√Ænes d‚Äôapprovisionnement par lesquelles ces produits sont achemin√©s depuis les sites de production jusqu‚Äôaux consommateurs finaux. @josherbert25 #covid19foodfuture https://t.co/rU1l0dz4GU","2020-05-12 07:43 +0000","1130.0","20.0","0.017699115044247787","2.0","0.0","10.0","0.0","0.0","0.0","1.0","0.0","0","0","0","0","0","7","7","-","-","-","-","-","-","-","-","-","-","-","-","-","-","-","-","-","-"
"1260105418807918595","https://twitter.com/CovidFoodFuture/status/1260105418807918595","#Malawi- Farmers have had a wake up call due to #Covid_19. With reduced orders from hotels, Thanthwe Farms has repositioned itself to becoming suppliers of individuals and households as shared by the owner @NChatata üëâ https://t.co/OXvc5VChmU
#Covid19FoodFuture @kanyemba_nellie","2020-05-12 07:11 +0000","459.0","21.0","0.0457516339869281","2.0","0.0","9.0","5.0","2.0","1.0","1.0","0.0","0","0","0","0","0","1","1","-","-","-","-","-","-","-","-","-","-","-","-","-","-","-","-","-","-"
"1260105158094213121","https://twitter.com/CovidFoodFuture/status/1260105158094213121","#Malawi- A report by @AFAPartnership says #Covid19 has affected sales of farm produce by farmers as traders have minimized going into communities to buy. This is also leading to losses due to inadequate and poor storage. https://t.co/GJ5RS2KmgT
#Covid19FoodFuture @kanyemba_nellie","2020-05-12 07:10 +0000","500.0","14.0","0.028","3.0","0.0","8.0","1.0","0.0","0.0","2.0","0.0","0","0","0","0","0","0","0","-","-","-","-","-","-","-","-","-","-","-","-","-","-","-","-","-","-"
"1259980592235425794","https://twitter.com/CovidFoodFuture/status/1259980592235425794","#COVID19 #Burkina: Pour les √©leveurs, le prix du tourteau de coton pour nourrir les animaux a augment√© confie Amadou Dicko Pr√©sident de l'association pour la promotion de l'√©levage au Sahel et en savane. @ed_sango
 #Covid19FoodFuture #lwili #livestock
https://t.co/1Rq2Z7WhQZ","2020-05-11 22:55 +0000","512.0","10.0","0.01953125","3.0","0.0","3.0","0.0","1.0","0.0","3.0","0.0","0","0","0","0","0","0","0","-","-","-","-","-","-","-","-","-","-","-","-","-","-","-","-","-","-"
"1259953008353427456","https://twitter.com/CovidFoodFuture/status/1259953008353427456","RDC- Face √† la crise du #Covid_19, que pensent les jeunes √©leveurs des mesures √©conomiques du Gouvernement? @KakelMbumb  Coordonnateur R√©gional de @ypard_rdc #Grand_Katanga donne son point de vue dans cette vid√©o üìΩÔ∏èüëá @EMvuenga #Covid19FoodFuture https://t.co/NafNvhSjzv","2020-05-11 21:06 +0000","725.0","42.0","0.057931034482758624","5.0","0.0","14.0","3.0","0.0","0.0","2.0","0.0","0","0","0","0","0","87","18","-","-","-","-","-","-","-","-","-","-","-","-","-","-","-","-","-","-"
"1259927289116180485","https://twitter.com/CovidFoodFuture/status/1259927289116180485","#Kenya May lack the financial and administrative capacity to launch new safety net programs butmay run safe urban to rural migration programs for those with the option to migrate.

Read more: https://t.co/ydtuhm9lOH #Covid19FoodFuture @sharonjcheboi","2020-05-11 19:24 +0000","576.0","12.0","0.020833333333333332","4.0","0.0","6.0","0.0","2.0","0.0","0.0","0.0","0","0","0","0","0","0","0","-","-","-","-","-","-","-","-","-","-","-","-","-","-","-","-","-","-"
"1259926193144504327","https://twitter.com/CovidFoodFuture/status/1259926193144504327","#Kenya Informal safety nets in include moving to rural areas where agricultural land access is higher&amp; cost of living low.

üåæCessation in major cities has made impossible for many. 

üåæCanurban-rural migration be safe?#Covid19FoodFuture @sharonjcheboi

 https://t.co/bb0g8mMCkk","2020-05-11 19:19 +0000","799.0","21.0","0.026282853566958697","9.0","0.0","6.0","0.0","5.0","0.0","1.0","0.0","0","0","0","0","0","0","0","-","-","-","-","-","-","-","-","-","-","-","-","-","-","-","-","-","-"
"1259924148391940098","https://twitter.com/CovidFoodFuture/status/1259924148391940098","#Kenya Government announced that Kenya is food secure with enough maize up to June whenimports will supplement deficits. Food in markets does not guarantee food on plates. Poor food accessibility is a hunger issue.

https://t.co/H5wflzuUOI

#Covid19FoodFuture @sharonjcheboi","2020-05-11 19:11 +0000","317.0","7.0","0.022082018927444796","2.0","0.0","4.0","0.0","0.0","0.0","1.0","0.0","0","0","0","0","0","0","0","-","-","-","-","-","-","-","-","-","-","-","-","-","-","-","-","-","-"
"1259909276417568770","https://twitter.com/CovidFoodFuture/status/1259909276417568770","#COVID19 Afrique de l'ouest : Avec la saison agricole qui s'annonce, les agriculteurs ont du mal √† acc√©der aux intrants. Pourtant l'agriculture contribue √† 30,5% de l'√©conomie de la r√©gion et nourrit 80% de la population. @ed_sango #Covid19FoodFuture 
https://t.co/1Rq2Z8dTfz","2020-05-11 18:12 +0000","444.0","9.0","0.02027027027027027","2.0","0.0","4.0","1.0","0.0","0.0","2.0","0.0","0","0","0","0","0","0","0","-","-","-","-","-","-","-","-","-","-","-","-","-","-","-","-","-","-"
"1259880741422448642","https://twitter.com/CovidFoodFuture/status/1259880741422448642","Comment se passe le confinement √† #Madagascar ? Lire cet article pour plus d'informations üëâhttps://t.co/qO2H4Ss6kh¬† 

#Covid19FoodFuture @Maya_disraeli","2020-05-11 16:19 +0000","454.0","13.0","0.028634361233480177","4.0","0.0","8.0","0.0","0.0","0.0","1.0","0.0","0","0","0","0","0","0","0","-","-","-","-","-","-","-","-","-","-","-","-","-","-","-","-","-","-"
"1259880581069930496","https://twitter.com/CovidFoodFuture/status/1259880581069930496","#Madagascar - La gastronomie Pizza, la plus grande cha√Æne de restauration rapide du pays entre en ch√¥mage technique. 450 de ses salari√©s vont devoir rester sans salaire pendant une dur√©e encore ind√©termin√©e. https://t.co/vQPJxBT4SZ 

#Covid19FoodFuture @Maya_disraeli","2020-05-11 16:18 +0000","400.0","8.0","0.02","2.0","0.0","5.0","0.0","0.0","0.0","1.0","0.0","0","0","0","0","0","0","0","-","-","-","-","-","-","-","-","-","-","-","-","-","-","-","-","-","-"
"1259880107184922625","https://twitter.com/CovidFoodFuture/status/1259880107184922625","More than two-thirds of people surveyed in 20 African countries said they would run out of food and water if they had to stay at home for 14 days. üëâ https://t.co/R8SeaxaXFH¬†

#Covid19FoodFuture @Maya_disraeli","2020-05-11 16:16 +0000","428.0","13.0","0.030373831775700934","4.0","0.0","5.0","2.0","0.0","0.0","2.0","0.0","0","0","0","0","0","0","0","-","-","-","-","-","-","-","-","-","-","-","-","-","-","-","-","-","-"
"1259864105508384768","https://twitter.com/CovidFoodFuture/status/1259864105508384768","2/2 NIGERIA ‚Äì The interest rates for CBN intervention funds in agriculture had come down‚¨áÔ∏è to 5%. Bank of Industry is also making ‚ÄúImpact funds"" available without the need for stringent collateral for loans &lt;10 Milion Naira https://t.co/WKL9C6lx6y #Covid19FoodFuture @JohnAgboola_ https://t.co/hblKE2tgha","2020-05-11 15:13 +0000","315.0","18.0","0.05714285714285714","2.0","0.0","2.0","3.0","6.0","2.0","1.0","0.0","0","0","0","0","0","2","2","-","-","-","-","-","-","-","-","-","-","-","-","-","-","-","-","-","-"
"1259863463108710400","https://twitter.com/CovidFoodFuture/status/1259863463108710400","1/2 NIGERIA ‚Äì How is #COVID19 Government Interventions helping to cushion the negative impacts on SMEs? Here are some of the intervention funds available through the Bank of Industry (BoI) &amp; Central Bank of Nigeria (CBN). https://t.co/WKL9C6lx6y #Covid19FoodFuture @JohnAgboola_ https://t.co/sHhojDuShM","2020-05-11 15:10 +0000","974.0","40.0","0.04106776180698152","5.0","2.0","8.0","2.0","5.0","0.0","5.0","0.0","0","0","0","0","0","13","13","-","-","-","-","-","-","-","-","-","-","-","-","-","-","-","-","-","-"
"1259861790009294849","https://twitter.com/CovidFoodFuture/status/1259861790009294849","AFRICA ‚Äì According to a statement from ECOWAS, the impact of the #COVID19 pandemic could increase‚¨ÜÔ∏è the number of people at risk of food insecurity and malnutrition from 17 to 50 million people between June and August 2020. https://t.co/DiFiWvBnZk #Covid19FoodFuture @JohnAgboola_ https://t.co/kBRg8goHaw","2020-05-11 15:03 +0000","2606.0","79.0","0.030314658480429777","16.0","1.0","23.0","4.0","7.0","6.0","12.0","0.0","0","0","0","0","0","10","10","-","-","-","-","-","-","-","-","-","-","-","-","-","-","-","-","-","-"
"1259846847671263239","https://twitter.com/CovidFoodFuture/status/1259846847671263239","#Kenyaüá∞üá™ Residents in Eastleigh neighbourhood appeal to Govt. for #food as the #Covid19 lockdown has affected their access to food https://t.co/L6kL1lUNvr   #Covid19FoodFuture @AmandaNamayi
üì∏ @dailynation https://t.co/GSK5fUhYfP","2020-05-11 14:04 +0000","906.0","28.0","0.03090507726269316","5.0","0.0","7.0","0.0","0.0","1.0","0.0","0.0","0","0","0","0","0","15","15","-","-","-","-","-","-","-","-","-","-","-","-","-","-","-","-","-","-"
"1259845925125664768","https://twitter.com/CovidFoodFuture/status/1259845925125664768","#Kenya üá∞üá™ Lack of sensitization on the #Covid19 pandemic in Kwale has led to apathy amongst members of the community. Wearing protective gear such as masks is only a mirage https://t.co/ZbsH1zOqZp  #Covid19FoodFuture @AmandaNamayi
üì∏ @TheStarKenya https://t.co/2R5Wb9IFmB","2020-05-11 14:00 +0000","700.0","34.0","0.04857142857142857","4.0","0.0","6.0","1.0","0.0","0.0","3.0","0.0","0","0","0","0","0","20","20","-","-","-","-","-","-","-","-","-","-","-","-","-","-","-","-","-","-"
"1259838862412730368","https://twitter.com/CovidFoodFuture/status/1259838862412730368","#SouthAfrica when we look at food security we look at its 4 pillars: 
Availability

Access

utilization¬†

stability.¬†

What do we say about  long term food availability when the government has scrapped the sale of agri fertilizers and seeds? @ndomfuh_1 #Covid19foodfuture https://t.co/LTOQDt9GlV","2020-05-11 13:32 +0000","846.0","57.0","0.0673758865248227","6.0","0.0","10.0","2.0","0.0","0.0","3.0","0.0","0","0","0","0","0","36","36","-","-","-","-","-","-","-","-","-","-","-","-","-","-","-","-","-","-"
"1259833556903362563","https://twitter.com/CovidFoodFuture/status/1259833556903362563","Au #Benin, le plein effet de la pand√©mie #Covid19 sur les march√©s des produits de base d√©pendra de sa gravit√©, de sa dur√©e et des d√©cisions prises par @gouvbenin pour faire front. Les activit√©s reprennent cette semaine et le cordon sanitaire lev√©. @josherbert25
#covid19foodfuture https://t.co/8m4JX5UWcw","2020-05-11 13:11 +0000","643.0","15.0","0.02332814930015552","3.0","0.0","4.0","1.0","0.0","0.0","2.0","0.0","0","0","0","0","0","5","5","-","-","-","-","-","-","-","-","-","-","-","-","-","-","-","-","-","-"
"1259828885404999682","https://twitter.com/CovidFoodFuture/status/1259828885404999682","@ecowas_cedeao: Avec l'impact du #COVID19, le nombre de personnes en crise alimentaire et nutritionnelle pourrait passer de 17 a 50 millions entre juin et ao√ªt 2020. @ed_sango 
#Covid19FoodFuture  #foodsecurity2020
https://t.co/1Rq2Z8dTfz","2020-05-11 12:53 +0000","224.0","2.0","0.008928571428571428","1.0","0.0","1.0","0.0","0.0","0.0","0.0","0.0","0","0","0","0","0","0","0","-","-","-","-","-","-","-","-","-","-","-","-","-","-","-","-","-","-"
"1259820463292919808","https://twitter.com/CovidFoodFuture/status/1259820463292919808","Joyce sees an advantage being both an #urbanfarmer and vegetable trader in these times of the #COVID19 crisis in Nairobi. Get to know why, by following Joyce through her video diaries on @tmg_think medium page. https://t.co/MHqHgwZjKi @CovidFoodFuture  @lousvenja","2020-05-11 12:19 +0000","398.0","9.0","0.022613065326633167","4.0","0.0","5.0","0.0","0.0","0.0","0.0","0.0","0","0","0","0","0","0","0","-","-","-","-","-","-","-","-","-","-","-","-","-","-","-","-","-","-"
"1259809095810519041","https://twitter.com/CovidFoodFuture/status/1259809095810519041","#RDC : la FAO a besoin de 77 millions $ pour la r√©ponse humanitaire et la lutte contre le #Covid_19. https://t.co/28yi5lFLko 
@EMvuenga #Covid19FoodFuture","2020-05-11 11:34 +0000","280.0","3.0","0.010714285714285714","1.0","0.0","2.0","0.0","0.0","0.0","0.0","0.0","0","0","0","0","0","0","0","-","-","-","-","-","-","-","-","-","-","-","-","-","-","-","-","-","-"
"1259808717656203266","https://twitter.com/CovidFoodFuture/status/1259808717656203266","Au Nord-Kivu, en #RDC, les femmes paysannes se battent pour pr√©server leurs droits. Et dans ce contexte de fermeture des fronti√®res, leur choix de produire local pour manger local s‚Äôav√®re, plus que jamais, exemplaire. 
üëâhttps://t.co/XUPqIfpzMw 
 @EMvuenga #Covid19FoodFuture","2020-05-11 11:32 +0000","269.0","2.0","0.007434944237918215","1.0","0.0","1.0","0.0","0.0","0.0","0.0","0.0","0","0","0","0","0","0","0","-","-","-","-","-","-","-","-","-","-","-","-","-","-","-","-","-","-"
"1259808462877405189","https://twitter.com/CovidFoodFuture/status/1259808462877405189","#RDC- Nord Kivu: #Covid_19 ou pas, les producteurs agricoles d√©cid√©s de nourrir la province. 
üëâhttps://t.co/rrgQJObpOn 
@EMvuenga #Covid19FoodFuture","2020-05-11 11:31 +0000","484.0","5.0","0.010330578512396695","3.0","0.0","2.0","0.0","0.0","0.0","0.0","0.0","0","0","0","0","0","0","0","-","-","-","-","-","-","-","-","-","-","-","-","-","-","-","-","-","-"
"1259781545415630849","https://twitter.com/CovidFoodFuture/status/1259781545415630849","A direct pipeline to food supply chains has been cut off by the #Covid19 pandemic leaving small farmers and ranchers with food they can‚Äôt sell. 

Read more about these food systems struggles  here - https://t.co/zVnGcGxBR4 @miss_abimbola #Covid19FoodFuture https://t.co/JrXoWUnL4r","2020-05-11 09:45 +0000","1062.0","43.0","0.04048964218455744","6.0","1.0","17.0","1.0","3.0","0.0","5.0","0.0","0","0","0","0","0","10","10","-","-","-","-","-","-","-","-","-","-","-","-","-","-","-","-","-","-"
"1259780898872008704","https://twitter.com/CovidFoodFuture/status/1259780898872008704","African nations - where many people spend more than half of their income on food - are among the most vulnerable to disruptions in staple food supplies. 

Read more here - https://t.co/TQ0L7S5tNf @miss_abimbola #Covid19FoodFuture https://t.co/Ymsc2bBoK3","2020-05-11 09:42 +0000","2963.0","176.0","0.059399257509281135","11.0","1.0","16.0","10.0","9.0","1.0","14.0","0.0","0","0","0","0","0","114","114","-","-","-","-","-","-","-","-","-","-","-","-","-","-","-","-","-","-"
"1259780792332554242","https://twitter.com/CovidFoodFuture/status/1259780792332554242","#Covid19 - le cordon sanitaire est lev√© au #B√©nin. Qu'en est-il de la s√©curit√© alimentaire ?
@gouvbenin a sorti une note pour d√©courager la surench√®re des produits.
#Article de @josherbert25 √† lire #prochainement.
#covid19foodfuture https://t.co/A9BSgKkpPj","2020-05-11 09:42 +0000","504.0","22.0","0.04365079365079365","5.0","0.0","8.0","0.0","0.0","0.0","2.0","0.0","0","0","0","0","0","7","7","-","-","-","-","-","-","-","-","-","-","-","-","-","-","-","-","-","-"
"1259759881831297024","https://twitter.com/CovidFoodFuture/status/1259759881831297024","#Ethiopia - Did not accept the use of #GMO on grains. But have registered two GMO cotton varieties for large-scale farms. It has created a public outcry when it comes to #GMO. https://t.co/ZHeyEomNja Photo Credit: TheReporter #Covid19FoodFuture @YaredTesema1 https://t.co/KuXXALHuaT","2020-05-11 08:18 +0000","538.0","15.0","0.027881040892193308","3.0","0.0","6.0","0.0","0.0","0.0","2.0","0.0","0","0","0","0","0","4","4","-","-","-","-","-","-","-","-","-","-","-","-","-","-","-","-","-","-"
"1259759195668328450","https://twitter.com/CovidFoodFuture/status/1259759195668328450","Local market structures should be supported during times where it is crippling the current structures. Different parties that play vital role should be involved in creating a policy in the past #Covid-19. Photo Credit: TripAdvisor #Covid19FoodFuture @YaredTesema1 https://t.co/FF6RonuhRT","2020-05-11 08:16 +0000","531.0","13.0","0.02448210922787194","3.0","0.0","6.0","0.0","0.0","0.0","2.0","0.0","0","0","0","0","0","2","2","-","-","-","-","-","-","-","-","-","-","-","-","-","-","-","-","-","-"
"1259750889641869312","https://twitter.com/CovidFoodFuture/status/1259750889641869312","@farmtrybe @olareeh Welcome","2020-05-11 07:43 +0000","15.0","1.0","0.06666666666666667","0.0","0.0","0.0","1.0","0.0","0.0","0.0","0.0","0","0","0","0","0","0","0","-","-","-","-","-","-","-","-","-","-","-","-","-","-","-","-","-","-"
"1259750658061864960","https://twitter.com/CovidFoodFuture/status/1259750658061864960","@farmtrybe @olareeh Seems like https://t.co/bKck37sSjM is down. But here's a more recent update to that story. Airlines have started operating, so food exporters are starting to recover: https://t.co/ifCd7tu467","2020-05-11 07:42 +0000","56.0","5.0","0.08928571428571429","0.0","1.0","1.0","0.0","2.0","0.0","1.0","0.0","0","0","0","0","0","0","0","-","-","-","-","-","-","-","-","-","-","-","-","-","-","-","-","-","-"
"1259551498859618313","https://twitter.com/CovidFoodFuture/status/1259551498859618313","#KENYA- Border closures due to #COVID19 has disrupted exports of horticultural products to foreign markets. Farmers are counting losses and trying to remain afloat so as to resume operations once the virus is contained: https://t.co/9w5BxqRZvt #Covid19FoodFuture @olareeh https://t.co/yXbLjvZzD3","2020-05-10 18:30 +0000","1578.0","119.0","0.07541191381495564","14.0","2.0","22.0","10.0","20.0","0.0","20.0","0.0","0","0","0","0","0","31","31","-","-","-","-","-","-","-","-","-","-","-","-","-","-","-","-","-","-"
"1259550645784391680","https://twitter.com/CovidFoodFuture/status/1259550645784391680","#KENYA- Some governors in N. Eastern counties have shut down livestock markets over #COVID19 fears. Several livestock traders come from Somalia, where large public gatherings still go on :  https://t.co/opH5m30aNQ #Covid19FoodFuture @olareeh https://t.co/vHLQuaHsIH","2020-05-10 18:27 +0000","1245.0","57.0","0.04578313253012048","12.0","0.0","16.0","1.0","1.0","0.0","1.0","0.0","0","0","0","0","0","26","26","-","-","-","-","-","-","-","-","-","-","-","-","-","-","-","-","-","-"
"1259450841465004032","https://twitter.com/CovidFoodFuture/status/1259450841465004032","#Kenya 
‚ÄúI sometimes eat my sales before they go bad. I‚Äôd rather feed my children, than return my sales,‚Äù 

Read on Ann‚Äôs experience with Covid-19 as a small scale trader in urban Kenya. 

https://t.co/8HTF4XNMSQ 

#Covid19FoodFuture @sharonjcheboi","2020-05-10 11:50 +0000","824.0","33.0","0.04004854368932039","9.0","0.0","12.0","0.0","9.0","0.0","3.0","0.0","0","0","0","0","0","0","0","-","-","-","-","-","-","-","-","-","-","-","-","-","-","-","-","-","-"
"1259417864844566532","https://twitter.com/CovidFoodFuture/status/1259417864844566532","üá®üá©#Covid_19 :10 millions $ approuv√©e par le Fond de Promotion de l‚ÄôIndustrie (FPI) pour financer les entreprises congolaises ≈ìuvrant dans les domaines prioritaires suivants :
- Agroalimentaire
- Pharmaceutique
- Logistique.
https://t.co/ll3BraXL5S @EMvuenga #Covid19FoodFuture","2020-05-10 09:39 +0000","495.0","10.0","0.020202020202020204","5.0","0.0","4.0","1.0","0.0","0.0","0.0","0.0","0","0","0","0","0","0","0","-","-","-","-","-","-","-","-","-","-","-","-","-","-","-","-","-","-"
"1259417373943136256","https://twitter.com/CovidFoodFuture/status/1259417373943136256","RDC- @LVDPC : la Conf√©d√©ration Nationale des Producteurs Agricoles du Congo (CONAPAC) invite le Gouvernement √† soutenir les agriculteurs dans les conditions d‚Äôurgence dues √† la pand√©mie de #Covid_19. @EMvuenga #Covid19FoodFuture https://t.co/a7JHuk2nKX","2020-05-10 09:37 +0000","618.0","17.0","0.02750809061488673","6.0","0.0","6.0","0.0","0.0","0.0","2.0","0.0","0","0","0","0","0","3","3","-","-","-","-","-","-","-","-","-","-","-","-","-","-","-","-","-","-"
"1259416326403231744","https://twitter.com/CovidFoodFuture/status/1259416326403231744","Afrique: Pand√©mie du #Covid_19 est un fardeau pour le monde rural. Un article int√©ressant d‚Äô@SOSFAIM √† lire   https://t.co/ZbMkn8bSF0 @EMvuenga #Covid19FoodFuture","2020-05-10 09:33 +0000","468.0","10.0","0.021367521367521368","4.0","0.0","5.0","0.0","1.0","0.0","0.0","0.0","0","0","0","0","0","0","0","-","-","-","-","-","-","-","-","-","-","-","-","-","-","-","-","-","-"
"1259218378654392322","https://twitter.com/CovidFoodFuture/status/1259218378654392322","La r√©silience de nos communaut√©s face √† cette crise #Covid-19 doit √™tre accompagn√©e par l'Etat √† travers des interventions hautement strat√©giques en ce qui concerne la distribution, la gestion et la subvention des intrants.
#Covid19FoodFuture @yadeyacine https://t.co/cf0To8MyYa","2020-05-09 20:27 +0000","524.0","24.0","0.04580152671755725","5.0","0.0","5.0","1.0","0.0","0.0","3.0","0.0","0","0","0","0","0","10","10","-","-","-","-","-","-","-","-","-","-","-","-","-","-","-","-","-","-"
"1259212955658457088","https://twitter.com/CovidFoodFuture/status/1259212955658457088","Pour mieux asseoir une agriculture comp√©titive r√©pondant aux besoins et exigences des populations rurales apr√®s la pand√©mie #Covid-19 l‚Äô√©tat s√©n√©galais doit revoir ses politiques agricoles.
#Covid19FoodFuture @yadeyacine https://t.co/oLgfGQSGS9","2020-05-09 20:05 +0000","893.0","43.0","0.048152295632698766","7.0","0.0","9.0","3.0","0.0","0.0","1.0","0.0","0","0","0","0","0","23","23","-","-","-","-","-","-","-","-","-","-","-","-","-","-","-","-","-","-"
"1259211202648997889","https://twitter.com/CovidFoodFuture/status/1259211202648997889","#Africa - While the earlier food crises involved supply shocks, today the problem is getting plentiful supplies to the people who need it - many of whom have suddenly lost their income.

 Read more here - https://t.co/TQ0L7S5tNf @miss_abimbola #Covid19FoodFuture","2020-05-09 19:58 +0000","1284.0","44.0","0.03426791277258567","13.0","0.0","13.0","3.0","10.0","0.0","5.0","0.0","0","0","0","0","0","0","0","-","-","-","-","-","-","-","-","-","-","-","-","-","-","-","-","-","-"
"1259177013878947840","https://twitter.com/CovidFoodFuture/status/1259177013878947840","#AFRICA- 26 countries have been identified by @WFP as being among the most vulnerable to food shocks amid the #COVID19. This report details potential impacts on each of these countries and possible solutions: https://t.co/nlatLv0weK #Covid19FoodFuture @olareeh https://t.co/jMXd2qR4eB","2020-05-09 17:42 +0000","1013.0","74.0","0.07305034550839092","7.0","0.0","9.0","1.0","7.0","1.0","8.0","0.0","0","0","0","0","0","41","41","-","-","-","-","-","-","-","-","-","-","-","-","-","-","-","-","-","-"
"1259175287109169153","https://twitter.com/CovidFoodFuture/status/1259175287109169153","#AFRICA- Food systems across the continent have been disrupted by #COVID19. In an article co-authored with former British PM Tony Blair, @AFRAAlliance President @Agnes_Kalibata recommends how to build food security. https://t.co/2UAuRcspjJ #Covid19FoodFuture @olareeh https://t.co/iyqz8r7Jgk","2020-05-09 17:35 +0000","1075.0","62.0","0.05767441860465116","10.0","0.0","16.0","5.0","7.0","0.0","6.0","0.0","0","0","0","0","0","18","18","-","-","-","-","-","-","-","-","-","-","-","-","-","-","-","-","-","-"
"1259166953362554881","https://twitter.com/CovidFoodFuture/status/1259166953362554881","‚ÄùHow effective is #food distribution in #Kenya during #Covid19?‚Äù
@AmandaNamayi tackles this question in the article:

üìñ https://t.co/Oc3AQpDseE

#Covid19FoodFuture @CovidFoodFuture 
ü•í#FoodSecurity
üßÜ#ZeroHunger","2020-05-09 17:02 +0000","830.0","40.0","0.04819277108433735","8.0","0.0","12.0","0.0","14.0","0.0","6.0","0.0","0","0","0","0","0","0","0","-","-","-","-","-","-","-","-","-","-","-","-","-","-","-","-","-","-"
"1259165561222770689","https://twitter.com/CovidFoodFuture/status/1259165561222770689","üåæ#Kenya @sharonjcheboi spoke to 4 small-scale food retailers in Eldoret on how #Covid19 hasaffected their business, livelihoods and consumer behaviour. 

üåæHere‚Äôs how:

üåæ https://t.co/8HTF4XNMSQ

#Covid19FoodFuture @sharonjch","2020-05-09 16:57 +0000","422.0","12.0","0.02843601895734597","4.0","0.0","5.0","0.0","2.0","0.0","1.0","0.0","0","0","0","0","0","0","0","-","-","-","-","-","-","-","-","-","-","-","-","-","-","-","-","-","-"
"1259165400568401921","https://twitter.com/CovidFoodFuture/status/1259165400568401921","The data aggregated by FarmDrive (@farmdriveke) is used by #food buyers, government, donors and other #Covid19 responders 6/6 #Covid19FoodFuture @AmandaNamayi #ICT4Ag #AgTech #ZeroHunger #FoodSecurity
üì∏@farmdriveke https://t.co/0hB2xLSOYR","2020-05-09 16:56 +0000","511.0","13.0","0.025440313111545987","4.0","0.0","6.0","0.0","0.0","0.0","0.0","0.0","0","0","0","0","0","3","3","-","-","-","-","-","-","-","-","-","-","-","-","-","-","-","-","-","-"
"1259164862674067457","https://twitter.com/CovidFoodFuture/status/1259164862674067457","@farmdriveke has created a FarmDrive #Covid19 Fund &amp; digital FarmDrive Market for buyers &amp; sellers to connect &amp; to create a #food balance sheet for the country. 5/6 #Covid19FoodFuture @AmandaNamayi #ICT4Ag #AgTech #ZeroHunger #FoodSecurity https://t.co/3zY2sg9DR7","2020-05-09 16:54 +0000","212.0","4.0","0.018867924528301886","1.0","0.0","2.0","0.0","0.0","0.0","0.0","0.0","0","0","0","0","0","1","1","-","-","-","-","-","-","-","-","-","-","-","-","-","-","-","-","-","-"
"1259164493235486722","https://twitter.com/CovidFoodFuture/status/1259164493235486722","Another way is by supporting smallholder #farmers to sell their produce while adhering to #Covid19 #SocialDistancing guidelines 4/6  #Covid19FoodFuture @AmandaNamayi #ICT4Ag #AgTech #ZeroHunger #FoodSecurity

üì∏ credits: @farmdriveke https://t.co/FfuUXMAoWv","2020-05-09 16:53 +0000","539.0","12.0","0.022263450834879406","4.0","1.0","6.0","0.0","0.0","0.0","0.0","0.0","0","0","0","0","0","1","1","-","-","-","-","-","-","-","-","-","-","-","-","-","-","-","-","-","-"
"1259164213672644612","https://twitter.com/CovidFoodFuture/status/1259164213672644612","#Kenya

üåøHowever, those with no access to social media are facing market challenge. 

üåøHence the need to digitise the food system, through education on alternative sale platforms, provision of internet and mobile equipment. 

#Covid19FoodFuture @sharonjcheboi

üì∑ @FAO https://t.co/0bvitUkoxt","2020-05-09 16:51 +0000","524.0","16.0","0.030534351145038167","4.0","0.0","5.0","1.0","0.0","0.0","2.0","0.0","0","0","0","0","0","4","4","-","-","-","-","-","-","-","-","-","-","-","-","-","-","-","-","-","-"
"1259164058349121540","https://twitter.com/CovidFoodFuture/status/1259164058349121540","#Kenya üá∞üá™ 
In the context of #Covid19 crisis, @farmdriveke works to ensure #food systems remain stable by ensuring smallholder #farmers access #agrifinance &amp; inputs they need to sustain food demand 3/6  #Covid19FoodFuture @AmandaNamayi #ICT4Ag #AgTech #ZeroHunger
üì∏@FarmDrive https://t.co/L2U0HCdkgx","2020-05-09 16:51 +0000","478.0","14.0","0.029288702928870293","3.0","1.0","6.0","1.0","0.0","0.0","2.0","0.0","0","0","0","0","0","1","1","-","-","-","-","-","-","-","-","-","-","-","-","-","-","-","-","-","-"
"1259163280108597249","https://twitter.com/CovidFoodFuture/status/1259163280108597249","#Kenya FarmDrive (@farmdriveke) is a technology company that applies data science &amp; finance to build software that increases access to meaningful financial services by smallholder #farmers
2/6 #Covid19FoodFuture @AmandaNamayi #ICT4Ag #AgTech https://t.co/fDyXri8wUm","2020-05-09 16:48 +0000","414.0","21.0","0.050724637681159424","3.0","1.0","4.0","2.0","0.0","0.0","9.0","0.0","0","0","0","0","0","2","2","-","-","-","-","-","-","-","-","-","-","-","-","-","-","-","-","-","-"
"1259162713609113601","https://twitter.com/CovidFoodFuture/status/1259162713609113601","THREAD
#Kenya üá∞üá™ 
üë©üèΩ‚Äçüåæüë®üèø‚ÄçüåæüßëüèΩ‚ÄçüåæSmallholder #farmers are among the most vulnerable yet they produce much of the critical local #food supply for their countries. 1/6 #Covid19FoodFuture @AmandaNamayi
üì∏ @farmdriveke https://t.co/Bf2eEyRE5R","2020-05-09 16:45 +0000","1080.0","49.0","0.04537037037037037","6.0","1.0","8.0","2.0","0.0","0.0","12.0","0.0","0","0","0","0","0","20","20","-","-","-","-","-","-","-","-","-","-","-","-","-","-","-","-","-","-"
"1259108495158378496","https://twitter.com/CovidFoodFuture/status/1259108495158378496","üåø #Kenya A group of farmers and produce dealers now use social media and farm-based sales to bridge themarket gaps amidst #Covid19 of the COVID-19 pandemic.

 Check how: 

https://t.co/nTmuky8eAb

#Covid19FoodFuture @sharonjcheboi","2020-05-09 13:10 +0000","1847.0","121.0","0.06551164049810504","15.0","1.0","29.0","4.0","52.0","1.0","19.0","0.0","0","0","0","0","0","0","0","-","-","-","-","-","-","-","-","-","-","-","-","-","-","-","-","-","-"
"1259094293408616448","https://twitter.com/CovidFoodFuture/status/1259094293408616448","#Nigeria - Small farmers, like many others across the country who spent decades struggling to build a local agricultural system are staring at their fields and wondering what to do now as rains begin with no labor due to #Covid pandemic. @miss_abimbola #Covid19FoodFuture https://t.co/X5AHYbNiQP","2020-05-09 12:14 +0000","1399.0","97.0","0.06933523945675482","11.0","1.0","21.0","4.0","0.0","0.0","14.0","0.0","0","0","0","0","0","46","46","-","-","-","-","-","-","-","-","-","-","-","-","-","-","-","-","-","-"
"1259093560420433920","https://twitter.com/CovidFoodFuture/status/1259093560420433920","Nigeria - The emerging supply-chain disruptions are much different than the food crises of 2007-2012, when droughts in grain-producing nations caused shortages that led to higher prices

Read more here - https://t.co/TQ0L7S5tNf @miss_abimbola #Covid19FoodFuture https://t.co/1lsKTuc8bc","2020-05-09 12:11 +0000","902.0","43.0","0.04767184035476718","5.0","0.0","9.0","2.0","2.0","0.0","7.0","0.0","0","0","0","0","0","18","18","-","-","-","-","-","-","-","-","-","-","-","-","-","-","-","-","-","-"
"1259073023405182981","https://twitter.com/CovidFoodFuture/status/1259073023405182981","@FAO @josherbert25 https://t.co/UXsPBwZVvg","2020-05-09 10:49 +0000","52.0","2.0","0.038461538461538464","0.0","0.0","1.0","1.0","0.0","0.0","0.0","0.0","0","0","0","0","0","0","0","-","-","-","-","-","-","-","-","-","-","-","-","-","-","-","-","-","-"
"1259063207970443264","https://twitter.com/CovidFoodFuture/status/1259063207970443264","COVID-19üåævsüë®‚ÄçüåæFood Systems

Scaling Up Nutrition (SUN) Business Network has compiled expert opinions on how Nutritious Food SMEs in Nigeriaüá≥üá¨ can adapt &amp; respond to the current crisis. 

Read more - https://t.co/WKL9C6lx6y #Covid19FoodFuture @JohnAgboola_ @SunBizNet

üì∑-AllAfrica https://t.co/hCqmM7WE3b","2020-05-09 10:10 +0000","1173.0","56.0","0.04774083546462063","8.0","0.0","17.0","3.0","10.0","1.0","4.0","0.0","0","0","0","0","0","13","13","-","-","-","-","-","-","-","-","-","-","-","-","-","-","-","-","-","-"
"1259061037216776193","https://twitter.com/CovidFoodFuture/status/1259061037216776193","#COVID19 Response ‚Äì From food production to consumption, it is important to strengthen effort and advocacy on sustaining food hygiene, including handwashing, infection control &amp; cross-contamination prevention. We need Healthy Diet for All #Covid19FoodFuture @JohnAgboola_ 
üì∑Legit https://t.co/46hc346k6z","2020-05-09 10:01 +0000","903.0","22.0","0.024363233665559248","7.0","0.0","4.0","3.0","0.0","0.0","1.0","0.0","0","0","0","0","0","7","7","-","-","-","-","-","-","-","-","-","-","-","-","-","-","-","-","-","-"
"1259054701292683264","https://twitter.com/CovidFoodFuture/status/1259054701292683264","Pour faire face aux effets de la crise du #covid19, le m√©canisme de relance @IFADfrancais pr√©voit investir 40 millions d‚ÄôUSD, lever au moins 200 millions d‚ÄôUSD aupr√®s des √âtats et Partenaires. @gouvbenin @FAO @PNUDBenin @josherbert25 #covid19foodfuture https://t.co/u7unfE0reC","2020-05-09 09:36 +0000","933.0","46.0","0.04930332261521972","7.0","1.0","11.0","4.0","0.0","1.0","13.0","0.0","0","0","0","0","0","9","9","-","-","-","-","-","-","-","-","-","-","-","-","-","-","-","-","-","-"
"1259040229643689984","https://twitter.com/CovidFoodFuture/status/1259040229643689984","#Madagascar üá≤üá¨ - D√©confinement, touch√©s de plein fouet par #Covid19, le secteur de l'#h√¥tellerie et #restauration peinent √† relever la t√™te. H√¥telier et restaurateur boivent la tasse.‚òïüçµ

üëâhttps://t.co/MHMoPWzod1

#Covid19FoodFuture @MalalaOnisoa https://t.co/bSfJNsHD9F","2020-05-09 08:39 +0000","813.0","28.0","0.03444034440344403","6.0","0.0","9.0","0.0","1.0","0.0","7.0","0.0","0","0","0","0","0","5","5","-","-","-","-","-","-","-","-","-","-","-","-","-","-","-","-","-","-"
"1259038514274066432","https://twitter.com/CovidFoodFuture/status/1259038514274066432","#Madagascar üá≤üá¨ - Le secteur #p√™che a constat√© une surexploitation de trois esp√®ce de #thon üêüüêüüêü. Leur valeur a √©t√© mise en √©vidence par la pand√©mie #Covid19.

üìçhttps://t.co/FpIeREcu6Z

#Covid19FoodFuture #P√™cheThon @MalalaOnisoa
üì∑Midi Madagascar https://t.co/PcPjSYPdK5","2020-05-09 08:32 +0000","557.0","16.0","0.02872531418312388","4.0","0.0","7.0","1.0","0.0","0.0","1.0","0.0","0","0","0","0","0","3","3","-","-","-","-","-","-","-","-","-","-","-","-","-","-","-","-","-","-"
"1258839453478641665","https://twitter.com/CovidFoodFuture/status/1258839453478641665","R√©ouverture des #march√©s au #Burkina: Le maire de #Ouagadougou pr√©vient que l'acc√®s aux march√©s est conditionn√© par le strict respect des mesures barri√®res √©dict√©es par le minist√®re de la sant√©. Les contrevenants seront sanctionn√©s. @ed_sango #Covid19FoodFuture

üì∑ @AibBurkina https://t.co/TTVYsRqqqL","2020-05-08 19:21 +0000","622.0","17.0","0.027331189710610933","3.0","0.0","6.0","1.0","0.0","0.0","3.0","0.0","0","0","0","0","0","4","4","-","-","-","-","-","-","-","-","-","-","-","-","-","-","-","-","-","-"
"1258838247926620160","https://twitter.com/CovidFoodFuture/status/1258838247926620160","#COVID19 #Burkina: 12 autres march√© de Ouagadougou ont r√©ouvert ce jeudi 7 mai selon un arr√™t√© de la mairie centrale. Le 29 avril dernier, la maire autorisait la r√©ouverture de 27 march√©s de la commune. @ed_sango #Covid19FoodFuture #lwili #Ouagadougou
üì∑ @AibBurkina https://t.co/qtwtLmM1vd","2020-05-08 19:16 +0000","890.0","25.0","0.028089887640449437","7.0","0.0","9.0","3.0","0.0","0.0","0.0","0.0","0","0","0","0","0","6","6","-","-","-","-","-","-","-","-","-","-","-","-","-","-","-","-","-","-"
"1258836278046572544","https://twitter.com/CovidFoodFuture/status/1258836278046572544","NIGERIA ‚Äì Nigerian SMEs in nutritious food production and processing are experiencing difficulty in accessing raw materials, especially agricultural produce. This creates a gap between supply and demand.
Learn more here &gt; https://t.co/1YjK7O0MBY
#Covid19FoodFuture @JohnAgboola_ https://t.co/Gy70WzAG2A","2020-05-08 19:08 +0000","655.0","22.0","0.03358778625954199","5.0","0.0","8.0","0.0","0.0","0.0","1.0","0.0","0","0","0","0","0","8","8","-","-","-","-","-","-","-","-","-","-","-","-","-","-","-","-","-","-"
"1258835582068850690","https://twitter.com/CovidFoodFuture/status/1258835582068850690","NIGERIA ‚Äì As the raining season starts in preparation for the new farming season, farmers are finding it difficult to access inputs from the urban cities where there are restrictions in movements.
Link here &gt; https://t.co/bNnKODjVog
#Covid19FoodFuture @JohnAgboola_

üì∑BusinessDay https://t.co/xcNGqNzuz6","2020-05-08 19:06 +0000","958.0","36.0","0.037578288100208766","5.0","0.0","10.0","1.0","3.0","0.0","4.0","0.0","0","0","0","0","0","13","13","-","-","-","-","-","-","-","-","-","-","-","-","-","-","-","-","-","-"
"1258834108504997888","https://twitter.com/CovidFoodFuture/status/1258834108504997888","NIGERIA ‚Äì Some farmers and agricultural experts believed that farming season will progress slower than usual this year, due to the coronavirus pandemic and the govt preventive lockdown in states. Here is why &gt; https://t.co/bNnKODjVog #Covid19FoodFuture @JohnAgboola_ 

üì∑- Rural21 https://t.co/tH4yneouEp","2020-05-08 19:00 +0000","1516.0","46.0","0.030343007915567283","8.0","0.0","12.0","3.0","2.0","0.0","7.0","0.0","0","0","0","0","0","14","14","-","-","-","-","-","-","-","-","-","-","-","-","-","-","-","-","-","-"
"1258816739367882753","https://twitter.com/CovidFoodFuture/status/1258816739367882753","üçÖ#Kenya In the Webinar by @aphrc that tackled food insecurity during #Covid19, @_Atamba explains that food aid is not sustainable as is disrupts markets.

üçÖGovernment buys food at highprices that other buyers cannot compete with.

#Covid19FoodFuture @sharonjcheboi https://t.co/C1XAU7FT1k","2020-05-08 17:51 +0000","1225.0","48.0","0.03918367346938775","9.0","0.0","14.0","10.0","0.0","0.0","3.0","0.0","0","0","0","0","0","12","12","-","-","-","-","-","-","-","-","-","-","-","-","-","-","-","-","-","-"
"1258810679194267653","https://twitter.com/CovidFoodFuture/status/1258810679194267653","#KENYA- Food has cultural value- including usage in religious ceremonies such as during the current month of Ramadan among Muslims. @olareeh writes about how they are adapting to food system disruptions due to #COVID19 https://t.co/pOLX1Qq2HV #Covid19FoodFuture https://t.co/2imMLaIpUl","2020-05-08 17:27 +0000","1194.0","48.0","0.04020100502512563","8.0","0.0","12.0","0.0","1.0","1.0","1.0","0.0","0","0","0","0","0","25","25","-","-","-","-","-","-","-","-","-","-","-","-","-","-","-","-","-","-"
"1258808352643170308","https://twitter.com/CovidFoodFuture/status/1258808352643170308","#KENYA- Due to loss of incomes &amp; closure of mosques due to #COVID19, many poor Muslim households are finding it difficult to access food for Ramadan festivities. @olareeh explains how this problem is being addressed: https://t.co/pOLX1Qq2HV #Covid19FoodFuture https://t.co/QjU4m0FBGU","2020-05-08 17:17 +0000","518.0","21.0","0.04054054054054054","3.0","0.0","11.0","0.0","1.0","0.0","1.0","0.0","0","0","0","0","0","5","5","-","-","-","-","-","-","-","-","-","-","-","-","-","-","-","-","-","-"
"1258805978939695105","https://twitter.com/CovidFoodFuture/status/1258805978939695105","#KENYA-The month of Ramadan is here, smack in the middle of #COVID19. This is a period many Muslims share meals with the less fortunate. How has effects of the virus impacted this age-old tradition? @olareeh writes about it here: https://t.co/pOLX1Qq2HV #Covid19FoodFuture https://t.co/lTo83Flq4n","2020-05-08 17:08 +0000","752.0","26.0","0.034574468085106384","5.0","0.0","11.0","2.0","0.0","2.0","2.0","0.0","0","0","0","0","0","4","4","-","-","-","-","-","-","-","-","-","-","-","-","-","-","-","-","-","-"
"1258773293714325505","https://twitter.com/CovidFoodFuture/status/1258773293714325505","#Madagascar - L√©g√®re hausse du prix du sucre de 200Ar (0,05‚Ç¨) par kilo d√ª aux difficult√©s d'approvisionnement au niveau de certains distributeur limitant le temps de vente li√© aux mesures de confinement. 
üëâhttps://t.co/cn0NZuXbqc 

#Covid19FoodFuture @mayadisraeli","2020-05-08 14:58 +0000","526.0","11.0","0.02091254752851711","5.0","0.0","4.0","0.0","0.0","0.0","2.0","0.0","0","0","0","0","0","0","0","-","-","-","-","-","-","-","-","-","-","-","-","-","-","-","-","-","-"
"1258773139892441089","https://twitter.com/CovidFoodFuture/status/1258773139892441089","L'Indice FAO (prix mondiaux) de ces produits alimentaires sont en baisse de: 14,6% pour le sucre; 5,2% huile v√©g√©tale; 3,6% produits laitiers; 2,7% viande. En hausse de 7,2% pour le riz et 2,5% pour le bl√©.
üëâ https://t.co/mJ4hP1NvNa 

#Covid19FoodFuture #FAO @Maya_disraeli https://t.co/ELsLKmtr9G","2020-05-08 14:57 +0000","503.0","19.0","0.03777335984095427","4.0","0.0","4.0","2.0","0.0","0.0","1.0","0.0","0","0","0","0","0","8","8","-","-","-","-","-","-","-","-","-","-","-","-","-","-","-","-","-","-"
"1258772061075451912","https://twitter.com/CovidFoodFuture/status/1258772061075451912","#Madagascar - ""Il est temps de prioriser nos atouts pour parvenir √† cette fin. Produire et consommer localement pour soutenir nos paysans qui composent 80% de notre population."" - Pr√©sident du S√©nat.¬†

#Covid19FoodFuture @Maya_disraeli https://t.co/rLzEaWR0eX","2020-05-08 14:53 +0000","768.0","22.0","0.028645833333333332","5.0","0.0","7.0","1.0","0.0","1.0","2.0","0.0","0","0","0","0","0","6","6","-","-","-","-","-","-","-","-","-","-","-","-","-","-","-","-","-","-"
"1258770873819029505","https://twitter.com/CovidFoodFuture/status/1258770873819029505","#Madagascar üá≤üá¨ - The success of hybrid riceüåæ cultivation is looming - @FAOMadagascar. Post-#Covid19 recovery - This variety at the heart of strategy to stimulate rice production üåæ

üëâhttps://t.co/JRBOOLcW9b

#Covid19FoodFuture #Rice #FAO @MalalaOnisoa
üì∑https://t.co/t7O66Gp5yx https://t.co/F5dtVXKPDs","2020-05-08 14:48 +0000","982.0","35.0","0.035641547861507125","12.0","0.0","14.0","0.0","1.0","0.0","5.0","0.0","0","0","0","0","0","3","3","-","-","-","-","-","-","-","-","-","-","-","-","-","-","-","-","-","-"
"1258769027742273536","https://twitter.com/CovidFoodFuture/status/1258769027742273536","La r√©silience de nos communaut√©s face √† cette crise #Covid-19 doit √™tre accompagn√©e par l'Etat √† travers des interventions hautement strat√©giques en ce qui concerne la distribution, la gestion et la subvention des intrants.
#Covid19FoodFuture @yadeyacine https://t.co/FD011DsAAq","2020-05-08 14:41 +0000","924.0","41.0","0.044372294372294376","9.0","0.0","7.0","3.0","0.0","0.0","7.0","0.0","0","0","0","0","0","15","15","-","-","-","-","-","-","-","-","-","-","-","-","-","-","-","-","-","-"
"1258763269591969792","https://twitter.com/CovidFoodFuture/status/1258763269591969792","#Madagascar ‚Äì Despite #Covid19 and the drought, according to @IPCinfo, 554,000 people will be threatened by food insecurity in the most vulnerable districts of the South between April-July 2020.üëá

üìåhttps://t.co/exRO7vR9hc

#Covid19FoodFuture @MalalaOnisoa üá≤üá¨
üì∑ @PamMadagascar https://t.co/kfLQ4smbww","2020-05-08 14:18 +0000","693.0","24.0","0.03463203463203463","5.0","0.0","7.0","3.0","0.0","0.0","6.0","0.0","0","0","0","0","0","3","3","-","-","-","-","-","-","-","-","-","-","-","-","-","-","-","-","-","-"
"1258758112900722689","https://twitter.com/CovidFoodFuture/status/1258758112900722689","Le #COVID19 menace l'agriculture et les syst√®mes alimentaires, surtout pour l'Afrique subsaharienne. Dans un tel contexte, l'agriculture digitale repr√©sente une lueur d'espoir. Plus de d√©tails dans ce blog du @CTAflash. @ed_sango #Covid19FoodFuture
üëáüèæ
https://t.co/MTfsbBpmnI","2020-05-08 13:58 +0000","502.0","18.0","0.035856573705179286","2.0","0.0","6.0","4.0","4.0","0.0","2.0","0.0","0","0","0","0","0","0","0","-","-","-","-","-","-","-","-","-","-","-","-","-","-","-","-","-","-"
"1258756836439789568","https://twitter.com/CovidFoodFuture/status/1258756836439789568","#Malawi- a report by @AFAPPartnership shows that #Covid_19 has also affected market access due to transportation challenges and closure of some markets as shared here üëâ https://t.co/GJ5RS2KmgT
#Covid19FoodFuture @kanyemba_nellie","2020-05-08 13:53 +0000","622.0","13.0","0.02090032154340836","4.0","0.0","6.0","0.0","0.0","1.0","2.0","0.0","0","0","0","0","0","0","0","-","-","-","-","-","-","-","-","-","-","-","-","-","-","-","-","-","-"
"1258756666184601600","https://twitter.com/CovidFoodFuture/status/1258756666184601600","Drop in fuel prices may also contribute to reduced prices of food and other essentials on the market.","2020-05-08 13:52 +0000","291.0","5.0","0.01718213058419244","2.0","0.0","3.0","0.0","0.0","0.0","0.0","0.0","0","0","0","0","0","0","0","-","-","-","-","-","-","-","-","-","-","-","-","-","-","-","-","-","-"
"1258756661038235652","https://twitter.com/CovidFoodFuture/status/1258756661038235652","Malawi- Reduction in fuel prices will in a way positively affect agricultural supply chain as most agricultural produce are distributed mainly by road transport hence fuel decrease could lead to improved profitability of producers.
#Covid19FoodFuture @kanyemba_nellie","2020-05-08 13:52 +0000","677.0","11.0","0.01624815361890694","3.0","1.0","5.0","0.0","0.0","0.0","2.0","0.0","0","0","0","0","0","0","0","-","-","-","-","-","-","-","-","-","-","-","-","-","-","-","-","-","-"
"1258755504580501504","https://twitter.com/CovidFoodFuture/status/1258755504580501504","How can Sustainable food systems be built starting from the farmer all through to the consumer?, lets learn from this article üëâ://bit.ly/2L6tBWx
#Covid19FoodFuture @kanyemba_nellie","2020-05-08 13:47 +0000","610.0","13.0","0.021311475409836064","4.0","0.0","7.0","0.0","0.0","0.0","2.0","0.0","0","0","0","0","0","0","0","-","-","-","-","-","-","-","-","-","-","-","-","-","-","-","-","-","-"
"1258741507986804741","https://twitter.com/CovidFoodFuture/status/1258741507986804741","Le #Covid19 est perturbateur des activit√©s essentielles aux besoins humains comme l‚Äôagriculture, les syst√®mes alimentaires mena√ßant les moyens d‚Äôexistence des personnes. Au #Benin, on se pr√©pare pour une reprise progressive des activit√©s. @josherbert25
#covid19foodfuture https://t.co/gnGEBNJRwz","2020-05-08 12:52 +0000","743.0","14.0","0.018842530282637954","6.0","0.0","3.0","0.0","0.0","0.0","1.0","0.0","0","0","0","0","0","4","4","-","-","-","-","-","-","-","-","-","-","-","-","-","-","-","-","-","-"
"1258725459065438209","https://twitter.com/CovidFoodFuture/status/1258725459065438209","#Covid19foodfuture It is worrisome for food security where¬† homes look so much to old people pension pay as a provider of food in homes.  Unemployment, Food insecurity and overall economy, SA working class cannot sustain itself and or is Covid19 the factor? @ndomfuh_1 https://t.co/Nkm1Ap32ai","2020-05-08 11:48 +0000","441.0","24.0","0.05442176870748299","4.0","0.0","6.0","5.0","0.0","1.0","4.0","0.0","0","0","0","0","0","4","4","-","-","-","-","-","-","-","-","-","-","-","-","-","-","-","-","-","-"
"1258705270764646400","https://twitter.com/CovidFoodFuture/status/1258705270764646400","#SouthAfrica The past few days was the old people pension pay release day. Old people in parts of the country did not receive the pay. They had to wait the whole day without being notified what the problem is. It is also noticeable how unusually packed it was with lines&amp; queues.. https://t.co/P7FKwV0pt1","2020-05-08 10:28 +0000","1831.0","110.0","0.060076460950300385","8.0","1.0","15.0","1.0","0.0","1.0","20.0","0.0","0","0","0","0","0","64","64","-","-","-","-","-","-","-","-","-","-","-","-","-","-","-","-","-","-"
"1258691173658566658","https://twitter.com/CovidFoodFuture/status/1258691173658566658","With the closure of state borders, farmers in the tomato-growing belt are experiencing difficulties in getting their crop to the market. 

Read about the impact of #Covid19 lockdown on the distribution of tomato here -  https://t.co/3192ZJgPho 

@miss_abimbola #Covid19FoodFuture","2020-05-08 09:32 +0000","1763.0","69.0","0.039137833238797506","18.0","1.0","24.0","8.0","14.0","0.0","4.0","0.0","0","0","0","0","0","0","0","-","-","-","-","-","-","-","-","-","-","-","-","-","-","-","-","-","-"
"1258683171559915520","https://twitter.com/CovidFoodFuture/status/1258683171559915520","Mama Put ‚Äì also known as ‚Äúmistresses of spice‚Äù is a core part of Nigeria‚Äôs food industry, and the broader hospitality and agricultural sectors. 

Read how #Covid19 is affecting her lifestyle here -

 https://t.co/i5i2zT38yK @miss_abimbola #Covid19FoodFuture","2020-05-08 09:00 +0000","1116.0","51.0","0.0456989247311828","8.0","0.0","16.0","1.0","19.0","0.0","7.0","0.0","0","0","0","0","0","0","0","-","-","-","-","-","-","-","-","-","-","-","-","-","-","-","-","-","-"
"1258658119212838914","https://twitter.com/CovidFoodFuture/status/1258658119212838914","La croissance d√©mographique des villes a aussi des impacts sur la disponibilit√© et l‚Äôacc√®s √† l‚Äôeau pour l‚Äôirrigation des cultures, surtout en cette p√©riode de pand√©mie de #Covid19.
#Covid19FoodFuture @yadeyacine https://t.co/8tKXaMn0hM","2020-05-08 07:20 +0000","819.0","37.0","0.045177045177045176","6.0","0.0","14.0","0.0","0.0","0.0","5.0","0.0","0","0","0","0","0","12","12","-","-","-","-","-","-","-","-","-","-","-","-","-","-","-","-","-","-"
